{
  "n_positions": 206,
  "outcome_prior_entropy_bits": 0.9999,
  "feature_mutual_information_bits": {
    "material_diff": 0.2616,
    "total_material": 0.0026,
    "mobility": 0.0753,
    "in_check": 0.0,
    "ply": 0.0007
  },
  "policy_entropy": {
    "mean_bits": 0.3442425559059648,
    "median_bits": 0.22298925202686243,
    "p10_bits": 0.02241222616369919,
    "p90_bits": 0.8335365140381852,
    "n": 200
  },
  "game_curve": {
    "entropy": [
      0.2296,
      0.08,
      0.0336,
      0.0309,
      0.0217,
      0.1886,
      0.0295,
      0.0918,
      0.0446,
      0.0957,
      0.0154,
      0.0743,
      0.0293,
      0.0519,
      0.0197,
      0.0667,
      0.031,
      0.0958,
      0.0249,
      0.0576,
      0.0227,
      0.088,
      0.02,
      0.0235,
      0.0354,
      0.1009,
      0.0227,
      0.0631,
      0.0191,
      0.19,
      0.0272,
      0.1135,
      0.0129,
      0.2583
    ],
    "info_gain": [
      0.0,
      0.1497,
      0.0464,
      0.0027,
      0.0092,
      -0.1669,
      0.1591,
      -0.0623,
      0.0472,
      -0.0512,
      0.0804,
      -0.0589,
      0.045,
      -0.0227,
      0.0322,
      -0.047,
      0.0358,
      -0.0649,
      0.0709,
      -0.0327,
      0.0349,
      -0.0653,
      0.0681,
      -0.0036,
      -0.0119,
      -0.0655,
      0.0782,
      -0.0404,
      0.0439,
      -0.1708,
      0.1628,
      -0.0864,
      0.1007,
      -0.2454
    ],
    "total_info_bits": -0.0287,
    "decisive_ply": 30
  }
}